{"cameraMode":{"drawMode":0,"name":"Shaded","section":"Shading Mode"},"sceneLighting":false,"audioPlay":false,"sceneViewState":{"showFog":true,"showMaterialUpdate":true,"showSkybox":false,"showFlares":true,"showImageEffects":false,"showParticleSystems":true},"in2DMode":false,"pivot":{"x":0.1249246895313263,"y":0.3588014841079712,"z":-0.32611191272735598},"rotation":{"x":0.33703041076660159,"y":0.021189052611589433,"z":-0.0075116222724318508,"w":0.9413347840309143},"size":2.0940215587615969,"orthographic":false}