{"cameraMode":{"drawMode":0,"name":"Shaded","section":"Shading Mode"},"sceneLighting":true,"audioPlay":false,"sceneViewState":{"showFog":true,"showMaterialUpdate":true,"showSkybox":true,"showFlares":true,"showImageEffects":false,"showParticleSystems":true},"in2DMode":false,"pivot":{"x":-3.8019094467163088,"y":-5.982933044433594,"z":13.19626235961914},"rotation":{"x":-0.2327846735715866,"y":0.08221156150102616,"z":-0.020392002537846566,"w":-0.9690225720405579},"size":22.0,"orthographic":false}