{"cameraMode":{"drawMode":0,"name":"Shaded","section":"Shading Mode"},"sceneLighting":false,"audioPlay":false,"sceneViewState":{"showFog":true,"showMaterialUpdate":true,"showSkybox":false,"showFlares":true,"showImageEffects":false,"showParticleSystems":true},"in2DMode":false,"pivot":{"x":-0.9623144865036011,"y":0.8619980216026306,"z":-0.6001558303833008},"rotation":{"x":0.10946553200483322,"y":-0.050700537860393527,"z":0.005536308512091637,"w":0.9928042888641357},"size":6.100964069366455,"orthographic":false}