{"cameraMode":{"drawMode":0,"name":"Shaded","section":"Shading Mode"},"sceneLighting":true,"audioPlay":false,"sceneViewState":{"showFog":true,"showMaterialUpdate":false,"showSkybox":true,"showFlares":true,"showImageEffects":true,"showParticleSystems":true},"in2DMode":false,"pivot":{"x":-9.25264835357666,"y":-5.977147102355957,"z":-0.27184826135635378},"rotation":{"x":0.23698846995830537,"y":-0.6458953619003296,"z":0.2214750498533249,"w":0.6912199258804321},"size":17.582618713378908,"orthographic":false}