{"cameraMode":{"drawMode":0,"name":"Shaded","section":"Shading Mode"},"sceneLighting":true,"audioPlay":false,"sceneViewState":{"showFog":true,"showMaterialUpdate":true,"showSkybox":true,"showFlares":true,"showImageEffects":false,"showParticleSystems":true},"in2DMode":false,"pivot":{"x":1.95815908908844,"y":-1.0730986595153809,"z":18.59790802001953},"rotation":{"x":-0.04830440878868103,"y":-0.006732898764312267,"z":-0.00025052097043953836,"w":-0.9989926218986511},"size":26.14091682434082,"orthographic":false}