{"cameraMode":{"drawMode":0,"name":"Shaded","section":"Shading Mode"},"sceneLighting":false,"audioPlay":false,"sceneViewState":{"showFog":true,"showMaterialUpdate":false,"showSkybox":false,"showFlares":true,"showImageEffects":true,"showParticleSystems":true},"in2DMode":false,"pivot":{"x":3.5790185928344728,"y":-1.3804080486297608,"z":16.58559226989746},"rotation":{"x":0.06729603558778763,"y":0.1179453581571579,"z":-0.007962577976286412,"w":0.9907738566398621},"size":22.0,"orthographic":false}